Workbook

Sheet 팀배정_전체
A1: No | B1: 팀 | C1: 이름 | D1: 학번 | E1: 성별 | F1: 티셔츠 | G1: 출발지 | H1: 식단 제약 | I1: 친구 요청(원문) | J1: 친구그룹 | K1: 명단 대조 | L1: 친구그룹 검증
A2: 1 | B2: JOY | C2: Abdallah Alhamidi | D2: 2026318827 | E2: M | F2: L | G2: Suwon | H2: No pork | K2: =IF(COUNTIF('팀별_명단'!$A$5:$W$34,$C2)=1,"OK","확인") -> OK | L2: =IF($J2="","-",IF(COUNTIFS($J$2:$J$171,$J2,$B$2:$B$171,$B2)=COUNTIF($J$2:$J$171,$J2),"OK","확인")) -> -
A3: 2 | B3: JOY | C3: Alberto Gil Carvalho | D3: 2026319184 | E3: M | F3: M | G3: Suwon | I3: Rafael Cunha, Beatriz Costa, Ines | J3: 143 | K3: =IF(COUNTIF('팀별_명단'!$A$5:$W$34,$C3)=1,"OK","확인") -> OK | L3: =IF($J3="","-",IF(COUNTIFS($J$2:$J$171,$J3,$B$2:$B$171,$B3)=COUNTIF($J$2:$J$171,$J3),"OK","확인")) -> OK
A4: 3 | B4: JOY | C4: Alexandra Becker | D4: 2026318952 | E4: F | F4: L | G4: Seoul | K4: =IF(COUNTIF('팀별_명단'!$A$5:$W$34,$C4)=1,"OK","확인") -> OK | L4: =IF($J4="","-",IF(COUNTIFS($J$2:$J$171,$J4,$B$2:$B$171,$B4)=COUNTIF($J$2:$J$171,$J4),"OK","확인")) -> -
A5: 4 | B5: JOY | C5: Artyom Tsoy | D5: 2026319226 | E5: M | F5: L | G5: Suwon | I5: Peter Naur | J5: 138 | K5: =IF(COUNTIF('팀별_명단'!$A$5:$W$34,$C5)=1,"OK","확인") -> OK | L5: =IF($J5="","-",IF(COUNTIFS($J$2:$J$171,$J5,$B$2:$B$171,$B5)=COUNTIF($J$2:$J$171,$J5),"OK","확인")) -> OK
A6: 5 | B6: JOY | C6: Beatriz Costa | D6: 2026318588 | E6: F | F6: M | G6: Suwon | I6: Alberto Carvalho, Rafael Cunha, Ines | J6: 143 | K6: =IF(COUNTIF('팀별_명단'!$A$5:$W$34,$C6)=1,"OK","확인") -> OK | L6: =IF($J6="","-",IF(COUNTIFS($J$2:$J$171,$J6,$B$2:$B$171,$B6)=COUNTIF($J$2:$J$171,$J6),"OK","확인")) -> OK
A7: 6 | B7: JOY | C7: Ben Daniel Gerhard Murrmann | D7: 2026318926 | E7: M | F7: XL | G7: Seoul | I7: Luis | J7: 13 | K7: =IF(COUNTIF('팀별_명단'!$A$5:$W$34,$C7)=1,"OK","확인") -> OK | L7: =IF($J7="","-",IF(COUNTIFS($J$2:$J$171,$J7,$B$2:$B$171,$B7)=COUNTIF($J$2:$J$171,$J7),"OK","확인")) -> OK
A8: 7 | B8: JOY | C8: Boglarka Peter | D8: 2026319032 | E8: F | F8: S | G8: Seoul | K8: =IF(COUNTIF('팀별_명단'!$A$5:$W$34,$C8)=1,"OK","확인") -> OK | L8: =IF($J8="","-",IF(COUNTIFS($J$2:$J$171,$J8,$B$2:$B$171,$B8)=COUNTIF($J$2:$J$171,$J8),"OK","확인")) -> -
A9: 8 | B9: JOY | C9: Carla Mas Juncosa | D9: 2026318575 | E9: F | F9: L | G9: Seoul | J9: 102 | K9: =IF(COUNTIF('팀별_명단'!$A$5:$W$34,$C9)=1,"OK","확인") -> OK | L9: =IF($J9="","-",IF(COUNTIFS($J$2:$J$171,$J9,$B$2:$B$171,$B9)=COUNTIF($J$2:$J$171,$J9),"OK","확인")) -> OK
A10: 9 | B10: JOY | C10: Eeva Joensuu | D10: 2026318617 | E10: F | F10: L | G10: Seoul | I10: Ella Heikinheimo | J10: 24 | K10: =IF(COUNTIF('팀별_명단'!$A$5:$W$34,$C10)=1,"OK","확인") -> OK | L10: =IF($J10="","-",IF(COUNTIFS($J$2:$J$171,$J10,$B$2:$B$171,$B10)=COUNTIF($J$2:$J$171,$J10),"OK","확인")) -> OK
A11: 10 | B11: JOY | C11: Ella Heikinheimo | D11: 2026318726 | E11: F | F11: L | G11: Seoul | H11: No red meat | I11: Eeva Joensuu | J11: 24 | K11: =IF(COUNTIF('팀별_명단'!$A$5:$W$34,$C11)=1,"OK","확인") -> OK | L11: =IF($J11="","-",IF(COUNTIFS($J$2:$J$171,$J11,$B$2:$B$171,$B11)=COUNTIF($J$2:$J$171,$J11),"OK","확인")) -> OK
A12: 11 | B12: JOY | C12: Finesse Johnson Stewart | D12: 2026739005 | E12: F | F12: M | G12: Seoul | I12: Jalynn Hinton | J12: 84 | K12: =IF(COUNTIF('팀별_명단'!$A$5:$W$34,$C12)=1,"OK","확인") -> OK | L12: =IF($J12="","-",IF(COUNTIFS($J$2:$J$171,$J12,$B$2:$B$171,$B12)=COUNTIF($J$2:$J$171,$J12),"OK","확인")) -> OK
A13: 12 | B13: JOY | C13: Florian Schaal | D13: 2026318744 | E13: M | F13: M | G13: Seoul | K13: =IF(COUNTIF('팀별_명단'!$A$5:$W$34,$C13)=1,"OK","확인") -> OK | L13: =IF($J13="","-",IF(COUNTIFS($J$2:$J$171,$J13,$B$2:$B$171,$B13)=COUNTIF($J$2:$J$171,$J13),"OK","확인")) -> -
A14: 13 | B14: JOY | C14: Frida Siffring | D14: 2026318724 | E14: F | F14: 2XL | G14: Seoul | K14: =IF(COUNTIF('팀별_명단'!$A$5:$W$34,$C14)=1,"OK","확인") -> OK | L14: =IF($J14="","-",IF(COUNTIFS($J$2:$J$171,$J14,$B$2:$B$171,$B14)=COUNTIF($J$2:$J$171,$J14),"OK","확인")) -> -
A15: 14 | B15: JOY | C15: Giovanni Fragiacomo | D15: 2026318615 | E15: M | F15: M | G15: Suwon | K15: =IF(COUNTIF('팀별_명단'!$A$5:$W$34,$C15)=1,"OK","확인") -> OK | L15: =IF($J15="","-",IF(COUNTIFS($J$2:$J$171,$J15,$B$2:$B$171,$B15)=COUNTIF($J$2:$J$171,$J15),"OK","확인")) -> -
A16: 15 | B16: JOY | C16: Ines Goncalves | D16: 2026319210 | E16: F | F16: S | G16: Suwon | I16: Beatriz Costa, Rafael Cunha, Alberto | J16: 143 | K16: =IF(COUNTIF('팀별_명단'!$A$5:$W$34,$C16)=1,"OK","확인") -> OK | L16: =IF($J16="","-",IF(COUNTIFS($J$2:$J$171,$J16,$B$2:$B$171,$B16)=COUNTIF($J$2:$J$171,$J16),"OK","확인")) -> OK
A17: 16 | B17: JOY | C17: Isabella van der Kruk | D17: 2026318968 | E17: F | F17: L | G17: Seoul | K17: =IF(COUNTIF('팀별_명단'!$A$5:$W$34,$C17)=1,"OK","확인") -> OK | L17: =IF($J17="","-",IF(COUNTIFS($J$2:$J$171,$J17,$B$2:$B$171,$B17)=COUNTIF($J$2:$J$171,$J17),"OK","확인")) -> -
A18: 17 | B18: JOY | C18: Jalynn De'nea Hinton | D18: 2026739006 | E18: F | F18: M | G18: Seoul | I18: Finesse Johnson | J18: 84 | K18: =IF(COUNTIF('팀별_명단'!$A$5:$W$34,$C18)=1,"OK","확인") -> OK | L18: =IF($J18="","-",IF(COUNTIFS($J$2:$J$171,$J18,$B$2:$B$171,$B18)=COUNTIF($J$2:$J$171,$J18),"OK","확인")) -> OK
A19: 18 | B19: JOY | C19: Julian Kuehling | D19: 2026318967 | E19: M | F19: XL | G19: Seoul | K19: =IF(COUNTIF('팀별_명단'!$A$5:$W$34,$C19)=1,"OK","확인") -> OK | L19: =IF($J19="","-",IF(COUNTIFS($J$2:$J$171,$J19,$B$2:$B$171,$B19)=COUNTIF($J$2:$J$171,$J19),"OK","확인")) -> -
A20: 19 | B20: JOY | C20: Kamila Chaibi | D20: 2026319177 | E20: F | F20: S | G20: Suwon | H20: No pork | K20: =IF(COUNTIF('팀별_명단'!$A$5:$W$34,$C20)=1,"OK","확인") -> OK | L20: =IF($J20="","-",IF(COUNTIFS($J$2:$J$171,$J20,$B$2:$B$171,$B20)=COUNTIF($J$2:$J$171,$J20),"OK","확인")) -> -
A21: 20 | B21: JOY | C21: Luis Deckert | D21: 2026318979 | E21: M | F21: S | G21: Seoul | I21: Ben Murrmann | J21: 13 | K21: =IF(COUNTIF('팀별_명단'!$A$5:$W$34,$C21)=1,"OK","확인") -> OK | L21: =IF($J21="","-",IF(COUNTIFS($J$2:$J$171,$J21,$B$2:$B$171,$B21)=COUNTIF($J$2:$J$171,$J21),"OK","확인")) -> OK
A22: 21 | B22: JOY | C22: Matina Asgari | D22: 2026318887 | E22: F | F22: S | G22: Seoul | I22: Lisa Oelschlagel | K22: =IF(COUNTIF('팀별_명단'!$A$5:$W$34,$C22)=1,"OK","확인") -> OK | L22: =IF($J22="","-",IF(COUNTIFS($J$2:$J$171,$J22,$B$2:$B$171,$B22)=COUNTIF($J$2:$J$171,$J22),"OK","확인")) -> -
A23: 22 | B23: JOY | C23: Naira Yang | D23: 2026318808 | E23: F | F23: S | G23: Seoul | I23: Carla Mas Juncosa | J23: 102 | K23: =IF(COUNTIF('팀별_명단'!$A$5:$W$34,$C23)=1,"OK","확인") -> OK | L23: =IF($J23="","-",IF(COUNTIFS($J$2:$J$171,$J23,$B$2:$B$171,$B23)=COUNTIF($J$2:$J$171,$J23),"OK","확인")) -> OK
A24: 23 | B24: JOY | C24: Narandavaa Nyamdorj | D24: 2026319298 | E24: M | F24: L | G24: Suwon | K24: =IF(COUNTIF('팀별_명단'!$A$5:$W$34,$C24)=1,"OK","확인") -> OK | L24: =IF($J24="","-",IF(COUNTIFS($J$2:$J$171,$J24,$B$2:$B$171,$B24)=COUNTIF($J$2:$J$171,$J24),"OK","확인")) -> -
A25: 24 | B25: JOY | C25: Penru Minha | D25: 2026318884 | E25: F | F25: XL | G25: Seoul | K25: =IF(COUNTIF('팀별_명단'!$A$5:$W$34,$C25)=1,"OK","확인") -> OK | L25: =IF($J25="","-",IF(COUNTIFS($J$2:$J$171,$J25,$B$2:$B$171,$B25)=COUNTIF($J$2:$J$171,$J25),"OK","확인")) -> -
A26: 25 | B26: JOY | C26: Peter Moeller Naur | D26: 2026319200 | E26: M | F26: 2XL | G26: Suwon | I26: Theis Hove | J26: 138 | K26: =IF(COUNTIF('팀별_명단'!$A$5:$W$34,$C26)=1,"OK","확인") -> OK | L26: =IF($J26="","-",IF(COUNTIFS($J$2:$J$171,$J26,$B$2:$B$171,$B26)=COUNTIF($J$2:$J$171,$J26),"OK","확인")) -> OK
A27: 26 | B27: JOY | C27: Petra Tuunanen | D27: 2026318730 | E27: F | F27: 2XL | G27: Seoul | K27: =IF(COUNTIF('팀별_명단'!$A$5:$W$34,$C27)=1,"OK","확인") -> OK | L27: =IF($J27="","-",IF(COUNTIFS($J$2:$J$171,$J27,$B$2:$B$171,$B27)=COUNTIF($J$2:$J$171,$J27),"OK","확인")) -> -
A28: 27 | B28: JOY | C28: Rafael Cunha | D28: 2026319108 | E28: M | F28: M | G28: Suwon | I28: Alberto Carvalho, Beatriz Costa, Ines | J28: 143 | K28: =IF(COUNTIF('팀별_명단'!$A$5:$W$34,$C28)=1,"OK","확인") -> OK | L28: =IF($J28="","-",IF(COUNTIFS($J$2:$J$171,$J28,$B$2:$B$171,$B28)=COUNTIF($J$2:$J$171,$J28),"OK","확인")) -> OK
A29: 28 | B29: JOY | C29: Serafima Pavlova | D29: 2026318577 | E29: F | F29: L | G29: Seoul | K29: =IF(COUNTIF('팀별_명단'!$A$5:$W$34,$C29)=1,"OK","확인") -> OK | L29: =IF($J29="","-",IF(COUNTIFS($J$2:$J$171,$J29,$B$2:$B$171,$B29)=COUNTIF($J$2:$J$171,$J29),"OK","확인")) -> -
A30: 29 | B30: JOY | C30: Theis Oestergaard Hove | D30: 2026318814 | E30: M | F30: XL | G30: Suwon | J30: 138 | K30: =IF(COUNTIF('팀별_명단'!$A$5:$W$34,$C30)=1,"OK","확인") -> OK | L30: =IF($J30="","-",IF(COUNTIFS($J$2:$J$171,$J30,$B$2:$B$171,$B30)=COUNTIF($J$2:$J$171,$J30),"OK","확인")) -> OK
A31: 30 | B31: SADNESS | C31: Aaron Dumlao | D31: 2026318585 | E31: M | F31: L | G31: Suwon | J31: 141 | K31: =IF(COUNTIF('팀별_명단'!$A$5:$W$34,$C31)=1,"OK","확인") -> OK | L31: =IF($J31="","-",IF(COUNTIFS($J$2:$J$171,$J31,$B$2:$B$171,$B31)=COUNTIF($J$2:$J$171,$J31),"OK","확인")) -> OK
A32: 31 | B32: SADNESS | C32: Alessandro Noia | D32: 2026318573 | E32: M | F32: M | G32: Seoul | J32: 66 | K32: =IF(COUNTIF('팀별_명단'!$A$5:$W$34,$C32)=1,"OK","확인") -> OK | L32: =IF($J32="","-",IF(COUNTIFS($J$2:$J$171,$J32,$B$2:$B$171,$B32)=COUNTIF($J$2:$J$171,$J32),"OK","확인")) -> OK
A33: 32 | B33: SADNESS | C33: Alice Nicoli | D33: 2026318735 | E33: F | F33: M | G33: Seoul | I33: Alessandro Noia, Sofia Felicetti | J33: 66 | K33: =IF(COUNTIF('팀별_명단'!$A$5:$W$34,$C33)=1,"OK","확인") -> OK | L33: =IF($J33="","-",IF(COUNTIFS($J$2:$J$171,$J33,$B$2:$B$171,$B33)=COUNTIF($J$2:$J$171,$J33),"OK","확인")) -> OK
A34: 33 | B34: SADNESS | C34: Amber Mae Britchford | D34: 2026318156 | E34: F | F34: M | G34: Seoul | K34: =IF(COUNTIF('팀별_명단'!$A$5:$W$34,$C34)=1,"OK","확인") -> OK | L34: =IF($J34="","-",IF(COUNTIFS($J$2:$J$171,$J34,$B$2:$B$171,$B34)=COUNTIF($J$2:$J$171,$J34),"OK","확인")) -> -
A35: 34 | B35: SADNESS | C35: Anika Dartsch | D35: 2026318866 | E35: F | F35: M | G35: Seoul | I35: Lea Koric | J35: 67 | K35: =IF(COUNTIF('팀별_명단'!$A$5:$W$34,$C35)=1,"OK","확인") -> OK | L35: =IF($J35="","-",IF(COUNTIFS($J$2:$J$171,$J35,$B$2:$B$171,$B35)=COUNTIF($J$2:$J$171,$J35),"OK","확인")) -> OK
A36: 35 | B36: SADNESS | C36: Augustin Kuntz | D36: 2026319293 | E36: M | F36: M | G36: Seoul | K36: =IF(COUNTIF('팀별_명단'!$A$5:$W$34,$C36)=1,"OK","확인") -> OK | L36: =IF($J36="","-",IF(COUNTIFS($J$2:$J$171,$J36,$B$2:$B$171,$B36)=COUNTIF($J$2:$J$171,$J36),"OK","확인")) -> -
A37: 36 | B37: SADNESS | C37: Farouk Ousseini | D37: 2026318586 | E37: M | F37: L | G37: Seoul | H37: Halal | I37: Faruk Husovic | J37: 83 | K37: =IF(COUNTIF('팀별_명단'!$A$5:$W$34,$C37)=1,"OK","확인") -> OK | L37: =IF($J37="","-",IF(COUNTIFS($J$2:$J$171,$J37,$B$2:$B$171,$B37)=COUNTIF($J$2:$J$171,$J37),"OK","확인")) -> OK
A38: 37 | B38: SADNESS | C38: Faruk Husovic | D38: 2026319173 | E38: M | F38: L | G38: Seoul | I38: Farouk Ousseini | J38: 83 | K38: =IF(COUNTIF('팀별_명단'!$A$5:$W$34,$C38)=1,"OK","확인") -> OK | L38: =IF($J38="","-",IF(COUNTIFS($J$2:$J$171,$J38,$B$2:$B$171,$B38)=COUNTIF($J$2:$J$171,$J38),"OK","확인")) -> OK
A39: 38 | B39: SADNESS | C39: Guerlin Leborgne | D39: 2026318745 | E39: M | F39: M | G39: Seoul | K39: =IF(COUNTIF('팀별_명단'!$A$5:$W$34,$C39)=1,"OK","확인") -> OK | L39: =IF($J39="","-",IF(COUNTIFS($J$2:$J$171,$J39,$B$2:$B$171,$B39)=COUNTIF($J$2:$J$171,$J39),"OK","확인")) -> -
A40: 39 | B40: SADNESS | C40: Henry Boyle | D40: 2026318912 | E40: M | F40: L | G40: Seoul | I40: Josef Hofvenstam | J40: 114 | K40: =IF(COUNTIF('팀별_명단'!$A$5:$W$34,$C40)=1,"OK","확인") -> OK | L40: =IF($J40="","-",IF(COUNTIFS($J$2:$J$171,$J40,$B$2:$B$171,$B40)=COUNTIF($J$2:$J$171,$J40),"OK","확인")) -> OK
A41: 40 | B41: SADNESS | C41: Jasmin Schaefer | D41: 2026318825 | E41: F | F41: M | G41: Seoul | K41: =IF(COUNTIF('팀별_명단'!$A$5:$W$34,$C41)=1,"OK","확인") -> OK | L41: =IF($J41="","-",IF(COUNTIFS($J$2:$J$171,$J41,$B$2:$B$171,$B41)=COUNTIF($J$2:$J$171,$J41),"OK","확인")) -> -
A42: 41 | B42: SADNESS | C42: Jessica Williams | D42: 2026318906 | E42: F | F42: 2XL | G42: Seoul | K42: =IF(COUNTIF('팀별_명단'!$A$5:$W$34,$C42)=1,"OK","확인") -> OK | L42: =IF($J42="","-",IF(COUNTIFS($J$2:$J$171,$J42,$B$2:$B$171,$B42)=COUNTIF($J$2:$J$171,$J42),"OK","확인")) -> -
A43: 42 | B43: SADNESS | C43: Josef Hofvenstam | D43: 2026318945 | E43: M | F43: L | G43: Seoul | I43: Henry Boyle | J43: 114 | K43: =IF(COUNTIF('팀별_명단'!$A$5:$W$34,$C43)=1,"OK","확인") -> OK | L43: =IF($J43="","-",IF(COUNTIFS($J$2:$J$171,$J43,$B$2:$B$171,$B43)=COUNTIF($J$2:$J$171,$J43),"OK","확인")) -> OK
A44: 43 | B44: SADNESS | C44: Josefa Merk | D44: 2026319095 | E44: F | F44: S | G44: Suwon | H44: No meat | K44: =IF(COUNTIF('팀별_명단'!$A$5:$W$34,$C44)=1,"OK","확인") -> OK | L44: =IF($J44="","-",IF(COUNTIFS($J$2:$J$171,$J44,$B$2:$B$171,$B44)=COUNTIF($J$2:$J$171,$J44),"OK","확인")) -> -
A45: 44 | B45: SADNESS | C45: Julia Yalin Ye | D45: 2026319191 | E45: F | F45: S | G45: Seoul | K45: =IF(COUNTIF('팀별_명단'!$A$5:$W$34,$C45)=1,"OK","확인") -> OK | L45: =IF($J45="","-",IF(COUNTIFS($J$2:$J$171,$J45,$B$2:$B$171,$B45)=COUNTIF($J$2:$J$171,$J45),"OK","확인")) -> -
A46: 45 | B46: SADNESS | C46: Lea Loren Koric | D46: 2026318902 | E46: F | F46: L | G46: Seoul | I46: Anika Dartsch | J46: 67 | K46: =IF(COUNTIF('팀별_명단'!$A$5:$W$34,$C46)=1,"OK","확인") -> OK | L46: =IF($J46="","-",IF(COUNTIFS($J$2:$J$171,$J46,$B$2:$B$171,$B46)=COUNTIF($J$2:$J$171,$J46),"OK","확인")) -> OK
A47: 46 | B47: SADNESS | C47: Linda Stuetzle | D47: 2026319052 | E47: F | F47: M | G47: Suwon | K47: =IF(COUNTIF('팀별_명단'!$A$5:$W$34,$C47)=1,"OK","확인") -> OK | L47: =IF($J47="","-",IF(COUNTIFS($J$2:$J$171,$J47,$B$2:$B$171,$B47)=COUNTIF($J$2:$J$171,$J47),"OK","확인")) -> -
A48: 47 | B48: SADNESS | C48: Lisa Hoogenboom | D48: 2026318923 | E48: F | F48: XL | G48: Seoul | I48: Lisa Pacher | J48: 77 | K48: =IF(COUNTIF('팀별_명단'!$A$5:$W$34,$C48)=1,"OK","확인") -> OK | L48: =IF($J48="","-",IF(COUNTIFS($J$2:$J$171,$J48,$B$2:$B$171,$B48)=COUNTIF($J$2:$J$171,$J48),"OK","확인")) -> OK
A49: 48 | B49: SADNESS | C49: Lisa Pacher | D49: 2026319059 | E49: F | F49: M | G49: Seoul | J49: 77 | K49: =IF(COUNTIF('팀별_명단'!$A$5:$W$34,$C49)=1,"OK","확인") -> OK | L49: =IF($J49="","-",IF(COUNTIFS($J$2:$J$171,$J49,$B$2:$B$171,$B49)=COUNTIF($J$2:$J$171,$J49),"OK","확인")) -> OK
A50: 49 | B50: SADNESS | C50: Lois Sturkenboom | D50: 2026318983 | E50: F | F50: M | G50: Seoul | I50: Nancy Ellen | J50: 23 | K50: =IF(COUNTIF('팀별_명단'!$A$5:$W$34,$C50)=1,"OK","확인") -> OK | L50: =IF($J50="","-",IF(COUNTIFS($J$2:$J$171,$J50,$B$2:$B$171,$B50)=COUNTIF($J$2:$J$171,$J50),"OK","확인")) -> OK
A51: 50 | B51: SADNESS | C51: Lynn Neuhofer | D51: 2026318929 | E51: M | F51: S | G51: Seoul | K51: =IF(COUNTIF('팀별_명단'!$A$5:$W$34,$C51)=1,"OK","확인") -> OK | L51: =IF($J51="","-",IF(COUNTIFS($J$2:$J$171,$J51,$B$2:$B$171,$B51)=COUNTIF($J$2:$J$171,$J51),"OK","확인")) -> -
A52: 51 | B52: SADNESS | C52: Marly Gracia Rufyiritana | D52: 2026319157 | E52: F | F52: S | G52: Seoul | I52: Nancy Ellen | J52: 23 | K52: =IF(COUNTIF('팀별_명단'!$A$5:$W$34,$C52)=1,"OK","확인") -> OK | L52: =IF($J52="","-",IF(COUNTIFS($J$2:$J$171,$J52,$B$2:$B$171,$B52)=COUNTIF($J$2:$J$171,$J52),"OK","확인")) -> OK
A53: 52 | B53: SADNESS | C53: Nancy Ellen | D53: 2026318840 | E53: F | F53: L | G53: Seoul | I53: Gracia Rufyiritana | J53: 23 | K53: =IF(COUNTIF('팀별_명단'!$A$5:$W$34,$C53)=1,"OK","확인") -> OK | L53: =IF($J53="","-",IF(COUNTIFS($J$2:$J$171,$J53,$B$2:$B$171,$B53)=COUNTIF($J$2:$J$171,$J53),"OK","확인")) -> OK
A54: 53 | B54: SADNESS | C54: Radhiyya Yusuf Dafi | D54: 2026318618 | E54: M | F54: L | G54: Seoul | H54: No pork/alcohol | K54: =IF(COUNTIF('팀별_명단'!$A$5:$W$34,$C54)=1,"OK","확인") -> OK | L54: =IF($J54="","-",IF(COUNTIFS($J$2:$J$171,$J54,$B$2:$B$171,$B54)=COUNTIF($J$2:$J$171,$J54),"OK","확인")) -> -
A55: 54 | B55: SADNESS | C55: Siiri Tammisto | D55: 2026318693 | E55: F | F55: XL | G55: Seoul | K55: =IF(COUNTIF('팀별_명단'!$A$5:$W$34,$C55)=1,"OK","확인") -> OK | L55: =IF($J55="","-",IF(COUNTIFS($J$2:$J$171,$J55,$B$2:$B$171,$B55)=COUNTIF($J$2:$J$171,$J55),"OK","확인")) -> -
A56: 55 | B56: SADNESS | C56: Sofia Felicetti | D56: 2026318578 | E56: F | F56: S | G56: Seoul | I56: Alessandro Noia | J56: 66 | K56: =IF(COUNTIF('팀별_명단'!$A$5:$W$34,$C56)=1,"OK","확인") -> OK | L56: =IF($J56="","-",IF(COUNTIFS($J$2:$J$171,$J56,$B$2:$B$171,$B56)=COUNTIF($J$2:$J$171,$J56),"OK","확인")) -> OK
A57: 56 | B57: SADNESS | C57: Suzuka Tawara | D57: 2026318755 | E57: F | F57: M | G57: Seoul | K57: =IF(COUNTIF('팀별_명단'!$A$5:$W$34,$C57)=1,"OK","확인") -> OK | L57: =IF($J57="","-",IF(COUNTIFS($J$2:$J$171,$J57,$B$2:$B$171,$B57)=COUNTIF($J$2:$J$171,$J57),"OK","확인")) -> -
A58: 57 | B58: SADNESS | C58: Tom Nathanael Paumard | D58: 2026318824 | E58: M | F58: M | G58: Suwon | I58: Aaron Dumlao | J58: 141 | K58: =IF(COUNTIF('팀별_명단'!$A$5:$W$34,$C58)=1,"OK","확인") -> OK | L58: =IF($J58="","-",IF(COUNTIFS($J$2:$J$171,$J58,$B$2:$B$171,$B58)=COUNTIF($J$2:$J$171,$J58),"OK","확인")) -> OK
A59: 58 | B59: ANGER | C59: Caleb Snow | D59: 2026319289 | E59: M | F59: M | G59: Seoul | K59: =IF(COUNTIF('팀별_명단'!$A$5:$W$34,$C59)=1,"OK","확인") -> OK | L59: =IF($J59="","-",IF(COUNTIFS($J$2:$J$171,$J59,$B$2:$B$171,$B59)=COUNTIF($J$2:$J$171,$J59),"OK","확인")) -> -
A60: 59 | B60: ANGER | C60: Carina Chin | D60: 2026319013 | E60: F | F60: M | G60: Seoul | K60: =IF(COUNTIF('팀별_명단'!$A$5:$W$34,$C60)=1,"OK","확인") -> OK | L60: =IF($J60="","-",IF(COUNTIFS($J$2:$J$171,$J60,$B$2:$B$171,$B60)=COUNTIF($J$2:$J$171,$J60),"OK","확인")) -> -
A61: 60 | B61: ANGER | C61: Christina Xing Min Chen | D61: 2026319241 | E61: F | F61: L | G61: Suwon | K61: =IF(COUNTIF('팀별_명단'!$A$5:$W$34,$C61)=1,"OK","확인") -> OK | L61: =IF($J61="","-",IF(COUNTIFS($J$2:$J$171,$J61,$B$2:$B$171,$B61)=COUNTIF($J$2:$J$171,$J61),"OK","확인")) -> -
A62: 61 | B62: ANGER | C62: Cristina Toso | D62: 2026318766 | E62: F | F62: M | G62: Seoul | K62: =IF(COUNTIF('팀별_명단'!$A$5:$W$34,$C62)=1,"OK","확인") -> OK | L62: =IF($J62="","-",IF(COUNTIFS($J$2:$J$171,$J62,$B$2:$B$171,$B62)=COUNTIF($J$2:$J$171,$J62),"OK","확인")) -> -
A63: 62 | B63: ANGER | C63: Dante Butler | D63: 2026319039 | E63: M | F63: 2XL | G63: Seoul | I63: Mats Ummelen, Linus Dircks | J63: 36 | K63: =IF(COUNTIF('팀별_명단'!$A$5:$W$34,$C63)=1,"OK","확인") -> OK | L63: =IF($J63="","-",IF(COUNTIFS($J$2:$J$171,$J63,$B$2:$B$171,$B63)=COUNTIF($J$2:$J$171,$J63),"OK","확인")) -> OK
A64: 63 | B64: ANGER | C64: Derry Fernaldy | D64: 2026318670 | E64: M | F64: XL | G64: Seoul | K64: =IF(COUNTIF('팀별_명단'!$A$5:$W$34,$C64)=1,"OK","확인") -> OK | L64: =IF($J64="","-",IF(COUNTIFS($J$2:$J$171,$J64,$B$2:$B$171,$B64)=COUNTIF($J$2:$J$171,$J64),"OK","확인")) -> -
A65: 64 | B65: ANGER | C65: Evelyn Grace Begent | D65: 2026318943 | E65: F | F65: M | G65: Seoul | K65: =IF(COUNTIF('팀별_명단'!$A$5:$W$34,$C65)=1,"OK","확인") -> OK | L65: =IF($J65="","-",IF(COUNTIFS($J$2:$J$171,$J65,$B$2:$B$171,$B65)=COUNTIF($J$2:$J$171,$J65),"OK","확인")) -> -
A66: 65 | B66: ANGER | C66: Gero Bresgen | D66: 2026318785 | E66: M | F66: XL | G66: Seoul | J66: 7 | K66: =IF(COUNTIF('팀별_명단'!$A$5:$W$34,$C66)=1,"OK","확인") -> OK | L66: =IF($J66="","-",IF(COUNTIFS($J$2:$J$171,$J66,$B$2:$B$171,$B66)=COUNTIF($J$2:$J$171,$J66),"OK","확인")) -> OK
A67: 66 | B67: ANGER | C67: Hardy Benjamin Louis | D67: 2026319042 | E67: M | F67: L | G67: Seoul | I67: Mats Ummelen | J67: 36 | K67: =IF(COUNTIF('팀별_명단'!$A$5:$W$34,$C67)=1,"OK","확인") -> OK | L67: =IF($J67="","-",IF(COUNTIFS($J$2:$J$171,$J67,$B$2:$B$171,$B67)=COUNTIF($J$2:$J$171,$J67),"OK","확인")) -> OK
A68: 67 | B68: ANGER | C68: Ida Trabold | D68: 2026318750 | E68: F | F68: M | G68: Seoul | K68: =IF(COUNTIF('팀별_명단'!$A$5:$W$34,$C68)=1,"OK","확인") -> OK | L68: =IF($J68="","-",IF(COUNTIFS($J$2:$J$171,$J68,$B$2:$B$171,$B68)=COUNTIF($J$2:$J$171,$J68),"OK","확인")) -> -
A69: 68 | B69: ANGER | C69: Ivanna Perez Gonzalez | D69: 2026318807 | E69: F | F69: L | G69: Seoul | I69: Valerie Del Campo | J69: 14 | K69: =IF(COUNTIF('팀별_명단'!$A$5:$W$34,$C69)=1,"OK","확인") -> OK | L69: =IF($J69="","-",IF(COUNTIFS($J$2:$J$171,$J69,$B$2:$B$171,$B69)=COUNTIF($J$2:$J$171,$J69),"OK","확인")) -> OK
A70: 69 | B70: ANGER | C70: Janina Sarina Asaf | D70: 2026318881 | E70: F | F70: XL | G70: Seoul | K70: =IF(COUNTIF('팀별_명단'!$A$5:$W$34,$C70)=1,"OK","확인") -> OK | L70: =IF($J70="","-",IF(COUNTIFS($J$2:$J$171,$J70,$B$2:$B$171,$B70)=COUNTIF($J$2:$J$171,$J70),"OK","확인")) -> -
A71: 70 | B71: ANGER | C71: Job Johannes van Gasteren | D71: 2026319207 | E71: M | F71: XL | G71: Seoul | I71: Santiago | J71: 78 | K71: =IF(COUNTIF('팀별_명단'!$A$5:$W$34,$C71)=1,"OK","확인") -> OK | L71: =IF($J71="","-",IF(COUNTIFS($J$2:$J$171,$J71,$B$2:$B$171,$B71)=COUNTIF($J$2:$J$171,$J71),"OK","확인")) -> OK
A72: 71 | B72: ANGER | C72: Kiara Gibsom | D72: 2026318964 | E72: F | F72: M | G72: Seoul | I72: Monique Palmer | J72: 11 | K72: =IF(COUNTIF('팀별_명단'!$A$5:$W$34,$C72)=1,"OK","확인") -> OK | L72: =IF($J72="","-",IF(COUNTIFS($J$2:$J$171,$J72,$B$2:$B$171,$B72)=COUNTIF($J$2:$J$171,$J72),"OK","확인")) -> OK
A73: 72 | B73: ANGER | C73: Laura Genin | D73: 2026318892 | E73: F | F73: S | G73: Seoul | K73: =IF(COUNTIF('팀별_명단'!$A$5:$W$34,$C73)=1,"OK","확인") -> OK | L73: =IF($J73="","-",IF(COUNTIFS($J$2:$J$171,$J73,$B$2:$B$171,$B73)=COUNTIF($J$2:$J$171,$J73),"OK","확인")) -> -
A74: 73 | B74: ANGER | C74: Linus Dircks | D74: 2026318801 | E74: M | F74: L | G74: Seoul | J74: 36 | K74: =IF(COUNTIF('팀별_명단'!$A$5:$W$34,$C74)=1,"OK","확인") -> OK | L74: =IF($J74="","-",IF(COUNTIFS($J$2:$J$171,$J74,$B$2:$B$171,$B74)=COUNTIF($J$2:$J$171,$J74),"OK","확인")) -> OK
A75: 74 | B75: ANGER | C75: Luis Santiago De Narvaez Oicata | D75: 2026319005 | E75: M | F75: M | G75: Seoul | J75: 78 | K75: =IF(COUNTIF('팀별_명단'!$A$5:$W$34,$C75)=1,"OK","확인") -> OK | L75: =IF($J75="","-",IF(COUNTIFS($J$2:$J$171,$J75,$B$2:$B$171,$B75)=COUNTIF($J$2:$J$171,$J75),"OK","확인")) -> OK
A76: 75 | B76: ANGER | C76: Maloum Leonard | D76: 2026319215 | E76: M | F76: L | G76: Seoul | K76: =IF(COUNTIF('팀별_명단'!$A$5:$W$34,$C76)=1,"OK","확인") -> OK | L76: =IF($J76="","-",IF(COUNTIFS($J$2:$J$171,$J76,$B$2:$B$171,$B76)=COUNTIF($J$2:$J$171,$J76),"OK","확인")) -> -
A77: 76 | B77: ANGER | C77: Maria Josefsen | D77: 2026319045 | E77: F | F77: M | G77: Suwon | K77: =IF(COUNTIF('팀별_명단'!$A$5:$W$34,$C77)=1,"OK","확인") -> OK | L77: =IF($J77="","-",IF(COUNTIFS($J$2:$J$171,$J77,$B$2:$B$171,$B77)=COUNTIF($J$2:$J$171,$J77),"OK","확인")) -> -
A78: 77 | B78: ANGER | C78: Mats Pieter Ummelen | D78: 2026319244 | E78: M | F78: L | G78: Seoul | J78: 36 | K78: =IF(COUNTIF('팀별_명단'!$A$5:$W$34,$C78)=1,"OK","확인") -> OK | L78: =IF($J78="","-",IF(COUNTIFS($J$2:$J$171,$J78,$B$2:$B$171,$B78)=COUNTIF($J$2:$J$171,$J78),"OK","확인")) -> OK
A79: 78 | B79: ANGER | C79: Melissa Smith | D79: 2026319279 | E79: F | F79: 3XL | G79: Seoul | I79: Valerie Del Campo | J79: 14 | K79: =IF(COUNTIF('팀별_명단'!$A$5:$W$34,$C79)=1,"OK","확인") -> OK | L79: =IF($J79="","-",IF(COUNTIFS($J$2:$J$171,$J79,$B$2:$B$171,$B79)=COUNTIF($J$2:$J$171,$J79),"OK","확인")) -> OK
A80: 79 | B80: ANGER | C80: Mimosa Honkanen | D80: 2026318678 | E80: F | F80: M | G80: Seoul | K80: =IF(COUNTIF('팀별_명단'!$A$5:$W$34,$C80)=1,"OK","확인") -> OK | L80: =IF($J80="","-",IF(COUNTIFS($J$2:$J$171,$J80,$B$2:$B$171,$B80)=COUNTIF($J$2:$J$171,$J80),"OK","확인")) -> -
A81: 80 | B81: ANGER | C81: Monique Palmer Hetharia | D81: 2026319035 | E81: F | F81: M | G81: Seoul | I81: Kiara Gibson | J81: 11 | K81: =IF(COUNTIF('팀별_명단'!$A$5:$W$34,$C81)=1,"OK","확인") -> OK | L81: =IF($J81="","-",IF(COUNTIFS($J$2:$J$171,$J81,$B$2:$B$171,$B81)=COUNTIF($J$2:$J$171,$J81),"OK","확인")) -> OK
A82: 81 | B82: ANGER | C82: Nea Kinnunen | D82: 2026318800 | E82: F | F82: L | G82: Seoul | I82: Noora Sipponen | J82: 51 | K82: =IF(COUNTIF('팀별_명단'!$A$5:$W$34,$C82)=1,"OK","확인") -> OK | L82: =IF($J82="","-",IF(COUNTIFS($J$2:$J$171,$J82,$B$2:$B$171,$B82)=COUNTIF($J$2:$J$171,$J82),"OK","확인")) -> OK
A83: 82 | B83: ANGER | C83: Noora Lehtonen | D83: 2026319068 | E83: F | F83: M | G83: Seoul | K83: =IF(COUNTIF('팀별_명단'!$A$5:$W$34,$C83)=1,"OK","확인") -> OK | L83: =IF($J83="","-",IF(COUNTIFS($J$2:$J$171,$J83,$B$2:$B$171,$B83)=COUNTIF($J$2:$J$171,$J83),"OK","확인")) -> -
A84: 83 | B84: ANGER | C84: Noora Sipponen | D84: 2026318663 | E84: F | F84: L | G84: Seoul | J84: 51 | K84: =IF(COUNTIF('팀별_명단'!$A$5:$W$34,$C84)=1,"OK","확인") -> OK | L84: =IF($J84="","-",IF(COUNTIFS($J$2:$J$171,$J84,$B$2:$B$171,$B84)=COUNTIF($J$2:$J$171,$J84),"OK","확인")) -> OK
A85: 84 | B85: ANGER | C85: Sebastian Binke | D85: 2026319061 | E85: M | F85: L | G85: Seoul | H85: Vegetarian | I85: Gero | J85: 7 | K85: =IF(COUNTIF('팀별_명단'!$A$5:$W$34,$C85)=1,"OK","확인") -> OK | L85: =IF($J85="","-",IF(COUNTIFS($J$2:$J$171,$J85,$B$2:$B$171,$B85)=COUNTIF($J$2:$J$171,$J85),"OK","확인")) -> OK
A86: 85 | B86: ANGER | C86: Valerie Del Campo | D86: 2026318919 | E86: F | F86: L | G86: Seoul | I86: Ivanna Perez Gonzalez | J86: 14 | K86: =IF(COUNTIF('팀별_명단'!$A$5:$W$34,$C86)=1,"OK","확인") -> OK | L86: =IF($J86="","-",IF(COUNTIFS($J$2:$J$171,$J86,$B$2:$B$171,$B86)=COUNTIF($J$2:$J$171,$J86),"OK","확인")) -> OK
A87: 86 | B87: DISGUST | C87: Alexander Brand | D87: 2026318898 | E87: M | F87: L | G87: Seoul | J87: 12 | K87: =IF(COUNTIF('팀별_명단'!$A$5:$W$34,$C87)=1,"OK","확인") -> OK | L87: =IF($J87="","-",IF(COUNTIFS($J$2:$J$171,$J87,$B$2:$B$171,$B87)=COUNTIF($J$2:$J$171,$J87),"OK","확인")) -> OK
A88: 87 | B88: DISGUST | C88: Andrea Nordbaeck | D88: 2026318742 | E88: F | F88: L | G88: Seoul | K88: =IF(COUNTIF('팀별_명단'!$A$5:$W$34,$C88)=1,"OK","확인") -> OK | L88: =IF($J88="","-",IF(COUNTIFS($J$2:$J$171,$J88,$B$2:$B$171,$B88)=COUNTIF($J$2:$J$171,$J88),"OK","확인")) -> -
A89: 88 | B89: DISGUST | C89: Andrew White | D89: 2026318771 | E89: M | F89: 2XL | G89: Suwon | K89: =IF(COUNTIF('팀별_명단'!$A$5:$W$34,$C89)=1,"OK","확인") -> OK | L89: =IF($J89="","-",IF(COUNTIFS($J$2:$J$171,$J89,$B$2:$B$171,$B89)=COUNTIF($J$2:$J$171,$J89),"OK","확인")) -> -
A90: 89 | B90: DISGUST | C90: Anita Shani Hufnagl | D90: 2026319269 | E90: F | F90: M | G90: Seoul | I90: Lisa Tran | J90: 20 | K90: =IF(COUNTIF('팀별_명단'!$A$5:$W$34,$C90)=1,"OK","확인") -> OK | L90: =IF($J90="","-",IF(COUNTIFS($J$2:$J$171,$J90,$B$2:$B$171,$B90)=COUNTIF($J$2:$J$171,$J90),"OK","확인")) -> OK
A91: 90 | B91: DISGUST | C91: Apiou Jade | D91: 2026319063 | E91: F | F91: M | G91: Seoul | I91: Sila Kocausta | J91: 45 | K91: =IF(COUNTIF('팀별_명단'!$A$5:$W$34,$C91)=1,"OK","확인") -> OK | L91: =IF($J91="","-",IF(COUNTIFS($J$2:$J$171,$J91,$B$2:$B$171,$B91)=COUNTIF($J$2:$J$171,$J91),"OK","확인")) -> OK
A92: 91 | B92: DISGUST | C92: Asmira Tleuova | D92: 2026318901 | E92: F | F92: L | G92: Suwon | K92: =IF(COUNTIF('팀별_명단'!$A$5:$W$34,$C92)=1,"OK","확인") -> OK | L92: =IF($J92="","-",IF(COUNTIFS($J$2:$J$171,$J92,$B$2:$B$171,$B92)=COUNTIF($J$2:$J$171,$J92),"OK","확인")) -> -
A93: 92 | B93: DISGUST | C93: Carina von Deyn | D93: 2026318828 | E93: F | F93: S | G93: Seoul | I93: Kristina | J93: 10 | K93: =IF(COUNTIF('팀별_명단'!$A$5:$W$34,$C93)=1,"OK","확인") -> OK | L93: =IF($J93="","-",IF(COUNTIFS($J$2:$J$171,$J93,$B$2:$B$171,$B93)=COUNTIF($J$2:$J$171,$J93),"OK","확인")) -> OK
A94: 93 | B94: DISGUST | C94: Christiaan van Olst | D94: 2026318683 | E94: M | F94: 2XL | G94: Seoul | K94: =IF(COUNTIF('팀별_명단'!$A$5:$W$34,$C94)=1,"OK","확인") -> OK | L94: =IF($J94="","-",IF(COUNTIFS($J$2:$J$171,$J94,$B$2:$B$171,$B94)=COUNTIF($J$2:$J$171,$J94),"OK","확인")) -> -
A95: 94 | B95: DISGUST | C95: Corey Cooper | D95: 2026318667 | E95: M | F95: XL | G95: Seoul | H95: Peanut allergy | K95: =IF(COUNTIF('팀별_명단'!$A$5:$W$34,$C95)=1,"OK","확인") -> OK | L95: =IF($J95="","-",IF(COUNTIFS($J$2:$J$171,$J95,$B$2:$B$171,$B95)=COUNTIF($J$2:$J$171,$J95),"OK","확인")) -> -
A96: 95 | B96: DISGUST | C96: Daniels Kristapaitis | D96: 2026318934 | E96: M | F96: 2XL | G96: Suwon | K96: =IF(COUNTIF('팀별_명단'!$A$5:$W$34,$C96)=1,"OK","확인") -> OK | L96: =IF($J96="","-",IF(COUNTIFS($J$2:$J$171,$J96,$B$2:$B$171,$B96)=COUNTIF($J$2:$J$171,$J96),"OK","확인")) -> -
A97: 96 | B97: DISGUST | C97: Elizabeth Kang | D97: 2026318721 | E97: F | F97: M | G97: Seoul | I97: Hannah Bower | J97: 9 | K97: =IF(COUNTIF('팀별_명단'!$A$5:$W$34,$C97)=1,"OK","확인") -> OK | L97: =IF($J97="","-",IF(COUNTIFS($J$2:$J$171,$J97,$B$2:$B$171,$B97)=COUNTIF($J$2:$J$171,$J97),"OK","확인")) -> OK
A98: 97 | B98: DISGUST | C98: Genc Haxhija | D98: 2026318639 | E98: M | F98: 3XL | G98: Suwon | K98: =IF(COUNTIF('팀별_명단'!$A$5:$W$34,$C98)=1,"OK","확인") -> OK | L98: =IF($J98="","-",IF(COUNTIFS($J$2:$J$171,$J98,$B$2:$B$171,$B98)=COUNTIF($J$2:$J$171,$J98),"OK","확인")) -> -
A99: 98 | B99: DISGUST | C99: Hannah Bower | D99: 2026319146 | E99: F | F99: M | G99: Seoul | I99: Liz | J99: 9 | K99: =IF(COUNTIF('팀별_명단'!$A$5:$W$34,$C99)=1,"OK","확인") -> OK | L99: =IF($J99="","-",IF(COUNTIFS($J$2:$J$171,$J99,$B$2:$B$171,$B99)=COUNTIF($J$2:$J$171,$J99),"OK","확인")) -> OK
A100: 99 | B100: DISGUST | C100: Jade Brok | D100: 2026318584 | E100: F | F100: L | G100: Seoul | H100: No fish/seafood | K100: =IF(COUNTIF('팀별_명단'!$A$5:$W$34,$C100)=1,"OK","확인") -> OK | L100: =IF($J100="","-",IF(COUNTIFS($J$2:$J$171,$J100,$B$2:$B$171,$B100)=COUNTIF($J$2:$J$171,$J100),"OK","확인")) -> -
...

Sheet 팀별_명단
A1: TEAM JOY | E1: TEAM SADNESS | I1: TEAM ANGER | M1: TEAM DISGUST | Q1: TEAM FEAR | U1: TEAM ANXIETY
A2: 총원 | B2: =COUNTA(A5:A34) -> 29 | E2: 총원 | F2: =COUNTA(E5:E34) -> 28 | I2: 총원 | J2: =COUNTA(I5:I34) -> 28 | M2: 총원 | N2: =COUNTA(M5:M34) -> 28 | Q2: 총원 | R2: =COUNTA(Q5:Q34) -> 28 | U2: 총원 | V2: =COUNTA(U5:U34) -> 29
A3: 여 / 남 | B3: =COUNTIF(B5:B34,"F") -> 17 | C3: =COUNTIF(B5:B34,"M") -> 12 | E3: 여 / 남 | F3: =COUNTIF(F5:F34,"F") -> 17 | G3: =COUNTIF(F5:F34,"M") -> 11 | I3: 여 / 남 | J3: =COUNTIF(J5:J34,"F") -> 17 | K3: =COUNTIF(J5:J34,"M") -> 11 | M3: 여 / 남 | N3: =COUNTIF(N5:N34,"F") -> 16 | O3: =COUNTIF(N5:N34,"M") -> 12 | Q3: 여 / 남 | R3: =COUNTIF(R5:R34,"F") -> 17 | S3: =COUNTIF(R5:R34,"M") -> 11 | U3: 여 / 남 | V3: =COUNTIF(V5:V34,"F") -> 17 | W3: =COUNTIF(V5:V34,"M") -> 12
A4: 이름 | B4: 성별 | C4: 티셔츠 | E4: 이름 | F4: 성별 | G4: 티셔츠 | I4: 이름 | J4: 성별 | K4: 티셔츠 | M4: 이름 | N4: 성별 | O4: 티셔츠 | Q4: 이름 | R4: 성별 | S4: 티셔츠 | U4: 이름 | V4: 성별 | W4: 티셔츠
A5: Abdallah Alhamidi | B5: M | C5: L | E5: Aaron Dumlao | F5: M | G5: L | I5: Caleb Snow | J5: M | K5: M | M5: Alexander Brand | N5: M | O5: L | Q5: Alicia Zimmermann | R5: F | S5: M | U5: Adedoyin Hannah Bajulaiye | V5: F | W5: M
A6: Alberto Gil Carvalho | B6: M | C6: M | E6: Alessandro Noia | F6: M | G6: M | I6: Carina Chin | J6: F | K6: M | M6: Andrea Nordbaeck | N6: F | O6: L | Q6: Amber Allen | R6: F | S6: L | U6: Aybike Saricay | V6: F | W6: L
A7: Alexandra Becker | B7: F | C7: L | E7: Alice Nicoli | F7: F | G7: M | I7: Christina Xing Min Chen | J7: F | K7: L | M7: Andrew White | N7: M | O7: 2XL | Q7: Cameron Rodwell | R7: M | S7: M | U7: Boaz Verbeek | V7: M | W7: 3XL
A8: Artyom Tsoy | B8: M | C8: L | E8: Amber Mae Britchford | F8: F | G8: M | I8: Cristina Toso | J8: F | K8: M | M8: Anita Shani Hufnagl | N8: F | O8: M | Q8: Chaimae Ait Lemzend | R8: F | S8: M | U8: Caroline Borko | V8: F | W8: L
A9: Beatriz Costa | B9: F | C9: M | E9: Anika Dartsch | F9: F | G9: M | I9: Dante Butler | J9: M | K9: 2XL | M9: Apiou Jade | N9: F | O9: M | Q9: Dylan Ian Broderick | R9: M | S9: XL | U9: Deni Elembaev | V9: M | W9: M
A10: Ben Daniel Gerhard Murrmann | B10: M | C10: XL | E10: Augustin Kuntz | F10: M | G10: M | I10: Derry Fernaldy | J10: M | K10: XL | M10: Asmira Tleuova | N10: F | O10: L | Q10: Essence White | R10: F | S10: 3XL | U10: Diana Escalante Garcia | V10: F | W10: M
A11: Boglarka Peter | B11: F | C11: S | E11: Farouk Ousseini | F11: M | G11: L | I11: Evelyn Grace Begent | J11: F | K11: M | M11: Carina von Deyn | N11: F | O11: S | Q11: Giacomo Vernucci | R11: M | S11: XL | U11: Edoardo De Bettin | V11: M | W11: XL
A12: Carla Mas Juncosa | B12: F | C12: L | E12: Faruk Husovic | F12: M | G12: L | I12: Gero Bresgen | J12: M | K12: XL | M12: Christiaan van Olst | N12: M | O12: 2XL | Q12: Haendel Johannes | R12: M | S12: L | U12: Frieda Pollmann | V12: F | W12: M
A13: Eeva Joensuu | B13: F | C13: L | E13: Guerlin Leborgne | F13: M | G13: M | I13: Hardy Benjamin Louis | J13: M | K13: L | M13: Corey Cooper | N13: M | O13: XL | Q13: Hanna Maria Wild | R13: F | S13: L | U13: Gaia Bolcato | V13: F | W13: M
A14: Ella Heikinheimo | B14: F | C14: L | E14: Henry Boyle | F14: M | G14: L | I14: Ida Trabold | J14: F | K14: M | M14: Daniels Kristapaitis | N14: M | O14: 2XL | Q14: Henna Kinnunen | R14: F | S14: XL | U14: Geicianny Martins | V14: F | W14: L
A15: Finesse Johnson Stewart | B15: F | C15: M | E15: Jasmin Schaefer | F15: F | G15: M | I15: Ivanna Perez Gonzalez | J15: F | K15: L | M15: Elizabeth Kang | N15: F | O15: M | Q15: Holly Waters | R15: F | S15: XL | U15: Hannah Elysha Budding | V15: F | W15: M
... A32: Serafima Pavlova | B32: F | C32: L | E32: Tom Nathanael Paumard | F32: M | G32: M | I32: Valerie Del Campo | J32: F | K32: L | M32: Yosra El Bazoui Lamouaddar | N32: F | O32: M | Q32: Tim Yang | R32: M | S32: L | U32: Weng Lingchih | V32: F | W32: L
A33: Theis Oestergaard Hove | B33: M | C33: XL | U33: Yuliana Alcaraz | V33: F | W33: M

Sheet 집계_검증
A1: 26-2 스포츠데이 팀 배정 집계 (교환학생)
A2: 인사이드 아웃 6팀 · 수금 완료(pay=TRUE) 170명 기준
A4: ■ 팀별 인원 집계
A5: 팀 | B5: 총원 | C5: 여(F) | D5: 남(M) | E5: 여 비율 | F5: S~M | G5: L 이상
A6: TEAM JOY | B6: =COUNTIF('팀배정_전체'!$B$2:$B$171,"JOY") -> 29 | C6: =COUNTIFS('팀배정_전체'!$B$2:$B$171,"JOY",'팀배정_전체'!$E$2:$E$171,"F") -> 17 | D6: =COUNTIFS('팀배정_전체'!$B$2:$B$171,"JOY",'팀배정_전체'!$E$2:$E$171,"M") -> 12 | E6: =IF($B6=0,"",$C6/$B6) -> 0.5862069 | F6: =COUNTIFS('팀배정_전체'!$B$2:$B$171,"JOY",'팀배정_전체'!$F$2:$F$171,"S")+COUNTIFS('팀배정_전체'!$B$2:$B$171,"JOY",'팀배정_전체'!$F$2:$F$171,"M") -> 13 | G6: =$B6-$F6 -> 16
A7: TEAM SADNESS | B7: =COUNTIF('팀배정_전체'!$B$2:$B$171,"SADNESS") -> 28 | C7: =COUNTIFS('팀배정_전체'!$B$2:$B$171,"SADNESS",'팀배정_전체'!$E$2:$E$171,"F") -> 17 | D7: =COUNTIFS('팀배정_전체'!$B$2:$B$171,"SADNESS",'팀배정_전체'!$E$2:$E$171,"M") -> 11 | E7: =IF($B7=0,"",$C7/$B7) -> 0.60714286 | F7: =COUNTIFS('팀배정_전체'!$B$2:$B$171,"SADNESS",'팀배정_전체'!$F$2:$F$171,"S")+COUNTIFS('팀배정_전체'!$B$2:$B$171,"SADNESS",'팀배정_전체'!$F$2:$F$171,"M") -> 17 | G7: =$B7-$F7 -> 11
A8: TEAM ANGER | B8: =COUNTIF('팀배정_전체'!$B$2:$B$171,"ANGER") -> 28 | C8: =COUNTIFS('팀배정_전체'!$B$2:$B$171,"ANGER",'팀배정_전체'!$E$2:$E$171,"F") -> 17 | D8: =COUNTIFS('팀배정_전체'!$B$2:$B$171,"ANGER",'팀배정_전체'!$E$2:$E$171,"M") -> 11 | E8: =IF($B8=0,"",$C8/$B8) -> 0.60714286 | F8: =COUNTIFS('팀배정_전체'!$B$2:$B$171,"ANGER",'팀배정_전체'!$F$2:$F$171,"S")+COUNTIFS('팀배정_전체'!$B$2:$B$171,"ANGER",'팀배정_전체'!$F$2:$F$171,"M") -> 12 | G8: =$B8-$F8 -> 16
A9: TEAM DISGUST | B9: =COUNTIF('팀배정_전체'!$B$2:$B$171,"DISGUST") -> 28 | C9: =COUNTIFS('팀배정_전체'!$B$2:$B$171,"DISGUST",'팀배정_전체'!$E$2:$E$171,"F") -> 16 | D9: =COUNTIFS('팀배정_전체'!$B$2:$B$171,"DISGUST",'팀배정_전체'!$E$2:$E$171,"M") -> 12 | E9: =IF($B9=0,"",$C9/$B9) -> 0.57142857 | F9: =COUNTIFS('팀배정_전체'!$B$2:$B$171,"DISGUST",'팀배정_전체'!$F$2:$F$171,"S")+COUNTIFS('팀배정_전체'!$B$2:$B$171,"DISGUST",'팀배정_전체'!$F$2:$F$171,"M") -> 14 | G9: =$B9-$F9 -> 14
A10: TEAM FEAR | B10: =COUNTIF('팀배정_전체'!$B$2:$B$171,"FEAR") -> 28 | C10: =COUNTIFS('팀배정_전체'!$B$2:$B$171,"FEAR",'팀배정_전체'!$E$2:$E$171,"F") -> 17 | D10: =COUNTIFS('팀배정_전체'!$B$2:$B$171,"FEAR",'팀배정_전체'!$E$2:$E$171,"M") -> 11 | E10: =IF($B10=0,"",$C10/$B10) -> 0.60714286 | F10: =COUNTIFS('팀배정_전체'!$B$2:$B$171,"FEAR",'팀배정_전체'!$F$2:$F$171,"S")+COUNTIFS('팀배정_전체'!$B$2:$B$171,"FEAR",'팀배정_전체'!$F$2:$F$171,"M") -> 8 | G10: =$B10-$F10 -> 20
A11: TEAM ANXIETY | B11: =COUNTIF('팀배정_전체'!$B$2:$B$171,"ANXIETY") -> 29 | C11: =COUNTIFS('팀배정_전체'!$B$2:$B$171,"ANXIETY",'팀배정_전체'!$E$2:$E$171,"F") -> 17 | D11: =COUNTIFS('팀배정_전체'!$B$2:$B$171,"ANXIETY",'팀배정_전체'!$E$2:$E$171,"M") -> 12 | E11: =IF($B11=0,"",$C11/$B11) -> 0.5862069 | F11: =COUNTIFS('팀배정_전체'!$B$2:$B$171,"ANXIETY",'팀배정_전체'!$F$2:$F$171,"S")+COUNTIFS('팀배정_전체'!$B$2:$B$171,"ANXIETY",'팀배정_전체'!$F$2:$F$171,"M") -> 13 | G11: =$B11-$F11 -> 16
A12: 합계 | B12: =SUM(B6:B11) -> 170 | C12: =SUM(C6:C11) -> 101 | D12: =SUM(D6:D11) -> 69 | E12: =IF($B12=0,"",$C12/$B12) -> 0.59411765 | F12: =SUM(F6:F11) -> 77 | G12: =SUM(G6:G11) -> 93
A15: ■ 검증 (모두 OK 여야 함)
A16: 검증 항목 | B16: 결과 | C16: 판정
A17: 전체 응답 인원 (팀배정_전체 행 수) | B17: =COUNTA('팀배정_전체'!$C$2:$C$171) -> 170 | C17: =IF($B17=170,"OK","확인") -> OK
A18: 팀 배정 인원 합계 | B18: =SUM($B6:$B11) -> 170 | C18: =IF($B18=$B17,"OK","확인") -> OK
A19: 팀 미배정(빈칸) 인원 | B19: =COUNTBLANK('팀배정_전체'!$B$2:$B$171) -> 0 | C19: =IF($B19=0,"OK","확인") -> OK
A20: 이름 중복 건수 | B20: {=SUMPRODUCT(('팀배정_전체'!$C$2:$C$171<>"")*(COUNTIF('팀배정_전체'!$C$2:$C$171,'팀배정_전체'!$C$2:$C$171)>1))} -> 0 | C20: =IF($B20=0,"OK","확인") -> OK
A21: 학번 중복 건수 | B21: {=SUMPRODUCT(('팀배정_전체'!$D$2:$D$171<>"")*(COUNTIF('팀배정_전체'!$D$2:$D$171,'팀배정_전체'!$D$2:$D$171)>1))} -> 0 | C21: =IF($B21=0,"OK","확인") -> OK
A22: 학번 자릿수 이상(10자리 아님) | B22: =SUMPRODUCT((LEN('팀배정_전체'!$D$2:$D$171)<>10)*1) -> 0 | C22: =IF($B22=0,"OK","확인") -> OK
A23: 팀별_명단 총 인원 | B23: =COUNTA('팀별_명단'!$A$5:$A$34)+COUNTA('팀별_명단'!$E$5:$E$34)+COUNTA('팀별_명단'!$I$5:$I$34)+COUNTA('팀별_명단'!$M$5:$M$34)+COUNTA('팀별_명단'!$Q$5:$Q$34)+COUNTA('팀별_명단'!$U$5:$U$34) -> 170 | C23: =IF($B23=$B17,"OK","확인") -> OK
A24: 두 시트 간 이름 누락/중복 건수 | B24: =COUNTIF('팀배정_전체'!$K$2:$K$171,"확인") -> 0 | C24: =IF($B24=0,"OK","확인") -> OK
A25: 최대-최소 팀 인원 차 | B25: =MAX($B6:$B11)-MIN($B6:$B11) -> 1 | C25: =IF($B25<=1,"OK","확인") -> OK
A26: 최대-최소 팀 여성 인원 차 | B26: =MAX($C6:$C11)-MIN($C6:$C11) -> 1 | C26: =IF($B26<=2,"OK","확인") -> OK
A27: 친구 그룹 분리 건수 | B27: =COUNTIF('팀배정_전체'!$L$2:$L$171,"확인") -> 0 | C27: =IF($B27=0,"OK","확인") -> OK
A28: 친구 요청 반영 인원 | B28: =SUMPRODUCT(('팀배정_전체'!$J$2:$J$171<>"")*1) -> 92 | C28: =IF($B28>0,"OK","확인") -> OK
A30: ■ 티셔츠 사이즈 집계 (전체)
A31: 사이즈 | B31: S | C31: M | D31: L | E31: XL | F31: 2XL | G31: 3XL | H31: 합계
A32: 인원 | B32: =COUNTIF('팀배정_전체'!$F$2:$F$171,"S") -> 17 | C32: =COUNTIF('팀배정_전체'!$F$2:$F$171,"M") -> 60 | D32: =COUNTIF('팀배정_전체'!$F$2:$F$171,"L") -> 56 | E32: =COUNTIF('팀배정_전체'!$F$2:$F$171,"XL") -> 21 | F32: =COUNTIF('팀배정_전체'!$F$2:$F$171,"2XL") -> 11 | G32: =COUNTIF('팀배정_전체'!$F$2:$F$171,"3XL") -> 5 | H32: =SUM(B32:G32) -> 170
A34: ■ 출발지 집계 (버스 80석 확인용)
A35: Seoul Campus (버스) | B35: =COUNTIF('팀배정_전체'!$G$2:$G$171,"Seoul") -> 128
A36: Suwon Campus (현장 집합) | B36: =COUNTIF('팀배정_전체'!$G$2:$G$171,"Suwon") -> 42
A37: 버스 정원(80) 초과 인원 | B37: =MAX(0,$B35-80) -> 48
A39: ■ 수동 확인 필요
A40: 대상 | B40: 내용
A41: 미납 제외 | B41: 수금부스 pay=FALSE 10명을 명단에서 제외함: Jennifer Parathithasan, Emerald Trinh (취소 - 인스타 디엠), Yeonseo Jo (수금표 학번 미기재), Trinh Ngoc Thuc Anh, Nazel Goersoy, Mortada Guesmia, Emil Tenhagen (인스타 디엠 보내놓음), Cassandra Brandner (취소 - 인스타 연락), Lorick Forest, Tobias Sejling Tops
A42: 2026318785 | B42: 연락처 새로 남겨주심 (gero.bresgen@gmx.de / +49 15159401074), 기존 컨택 방법 없음
A43: 2026318971 | B43: 학번 정정: 202631897 → 2026318971
A44: 2026318973 | B44: 티셔츠 L → 2XL 변경
A45: 2026318759 | B45: 티셔츠 L → M 변경
A46: 2026318578 | B46: 이름 확인: Sofia Feucetti (폼 이메일은 Felicetti)
A47: 2026319042 | B47: 학번 확인 필요
A48: 2026318898 | B48: 티셔츠 L 확인
A49: 2026318954 | B49: 수원에서 수금
A50: 2026319215 | B50: 율전 수금
A51: 2026318710 | B51: 서울에서 수금, 컨택 방법 없음
... A70: Jonathan Johnsen | B70: 친구 요청 "친구 없음이라 응답" — 응답자 명단에 없어 매칭 안 됨
